Alternative,Score (Closeness),Rank
Phone C,0.7120205686053701,1
Phone A,0.6769761043662923,2
Phone D,0.5513575795141232,3
Phone E,0.33452833827455014,4
Phone B,0.2879794260831062,5
