Alternative,Score (Closeness),Rank
Car B,0.5859005612236138,1
Car C,0.581577409152029,2
Car A,0.3881591985355789,3
